NAME	POS	ML	A/H	TEAM	OPP	PROP	LINE	SZN AVG	W-L Splits	A-H Splits	% OVER	L5 % OVER	LAST 7 GAMES ➡️	OVER	UNDER
Allen Flanigan	G	-125	A	AUB	IOWA	reb	4.5	4.8	5.17 - 3.89	4.73 - 4.75	48%	20%	3,1,6,1,3,6,8,1,4,4	-120	-110
Allen Flanigan	G	-125	A	AUB	IOWA	ast	1.5	1.5	1.67 - 1.0	1.36 - 1.5	41%	40%	1,0,5,2,0,0,1,1,0,0	-120	-110
Allen Flanigan	G	-125	A	AUB	IOWA	3ptm	1.5	1.2	1.28 - 0.78	0.82 - 1.31	30%	20%	2,0,1,1,1,0,1,3,1,0	'+160	-215
Allen Flanigan	G	-125	A	AUB	IOWA	pts	12.5	10.4	10.33 - 8.67	8.0 - 11.0	26%	40%	15,7,11,5,16,7,9,22,13,8	-115	-115
Amari Bailey	G	-2100	H	UCLA	UNCA	ast	1.5	2.0	2.05 - 1.5	1.25 - 2.29	56%	60%	1,2,3,1,2,0,2,3,2,0	-120	-110
Amari Bailey	G	-2100	H	UCLA	UNCA	3ptm	0.5	0.6	0.62 - 0.75	0.62 - 0.65	44%	40%	1,0,2,0,0,0,1,1,0,0	-170	'+130
Amari Bailey	G	-2100	H	UCLA	UNCA	reb	4.5	3.9	3.81 - 4.5	2.62 - 4.53	36%	80%	7,6,3,5,9,3,1,9,3,2	-145	'+110
Amari Bailey	G	-2100	H	UCLA	UNCA	pts	13.5	9.9	10.1 - 9.0	8.5 - 10.59	28%	40%	19,9,26,6,2,11,7,16,0,8	-120	-110
Andrew Funk	G	'+130	A	PSU	TA&M	pts	11.5	12.1	13.45 - 9.3	11.93 - 12.19	57%	60%	8,9,14,20,14,3,0,11,14,14	'+100	-130
Andrew Funk	G	'+130	A	PSU	TA&M	3ptm	2.5	3.0	3.55 - 1.9	2.79 - 3.19	53%	60%	0,3,2,6,4,1,0,3,4,4	-130	-105
Andrew Funk	G	'+130	A	PSU	TA&M	reb	3.5	2.9	2.8 - 3.0	3.0 - 2.75	40%	60%	4,4,7,1,3,4,1,3,5,1	'+100	-130
Andrew Funk	G	'+130	A	PSU	TA&M	ast	1.5	1.1	1.2 - 0.9	0.93 - 1.25	30%	0%	1,1,0,0,0,1,0,1,0,2	'+140	-190
Ante Brzovic	F	'+185	A	COFC	SDSU	ast	0.5	0.9	0.97 - 0.67	1.0 - 0.9	56%	80%	3,0,2,4,1,0,0,4,0,1	-245	'+175
Ante Brzovic	F	'+185	A	COFC	SDSU	pts	11.5	11.6	11.52 - 12.67	10.31 - 12.43	47%	80%	16,19,15,7,12,9,23,7,23,7	-125	-105
Ante Brzovic	F	'+185	A	COFC	SDSU	reb	6.5	5.9	6.06 - 4.0	6.38 - 5.57	41%	60%	8,9,7,5,6,11,5,7,7,9	-140	'+105
Ante Brzovic	F	'+185	A	COFC	SDSU	3ptm	1.5	0.9	0.84 - 1.33	0.92 - 0.86	21%	0%	0,1,1,0,0,1,1,0,2,0	'+180	-250
Anthony Black	G	-135	H	ARK	ILL	reb	4.5	5.1	4.94 - 5.45	5.17 - 5.12	66%	60%	4,6,8,5,2,5,3,5,4,6	-145	'+110
Anthony Black	G	-135	H	ARK	ILL	3ptm	0.5	0.9	0.89 - 0.91	0.5 - 1.18	59%	60%	1,0,1,1,0,1,1,2,0,0	-140	'+105
Anthony Black	G	-135	H	ARK	ILL	ast	3.5	4.1	4.11 - 4.09	3.83 - 4.29	55%	40%	2,6,4,1,2,3,8,5,5,4	-135	'+100
Anthony Black	G	-135	H	ARK	ILL	pts	13.5	13.7	12.89 - 14.91	13.92 - 13.47	52%	40%	9,19,14,13,7,14,9,23,19,13	'+100	-130
Armaan Franklin	G	-240	H	UVA	FUR	3ptm	1.5	2.0	2.25 - 1.14	1.92 - 2.05	65%	60%	2,1,1,2,2,1,0,2,1,3	-115	-115
Armaan Franklin	G	-240	H	UVA	FUR	pts	13.5	12.9	14.33 - 7.86	12.33 - 13.21	48%	60%	7,16,14,16,12,14,4,12,14,23	-105	-125
Armaan Franklin	G	-240	H	UVA	FUR	ast	1.5	1.5	1.5 - 1.29	1.42 - 1.47	45%	80%	2,2,2,5,0,1,1,2,3,0	-130	'+100
Armaan Franklin	G	-240	H	UVA	FUR	reb	4.5	4.2	4.33 - 3.86	4.0 - 4.37	32%	20%	6,3,3,4,4,4,3,4,5,3	'+120	-160
Azuolas Tubelis	F	-1250	H	ARIZ	PRIN	ast	1.5	2.0	2.0 - 1.83	1.64 - 2.15	55%	60%	0,3,4,1,3,2,1,1,3,1	-145	'+110
Azuolas Tubelis	F	-1250	H	ARIZ	PRIN	pts	19.5	19.3	19.64 - 18.0	19.82 - 19.05	52%	60%	19,17,20,24,25,17,13,11,4,23	-125	-105
Azuolas Tubelis	F	-1250	H	ARIZ	PRIN	reb	9.5	9.0	9.36 - 7.5	9.18 - 8.9	39%	60%	14,9,8,10,10,9,4,9,0,14	-120	-110
Boo Buie	G	-125	H	NU	BOIS	3ptm	1.5	2.0	1.95 - 2.0	2.0 - 1.94	44%	80%	2,3,1,6,3,1,1,1,1,1	-155	'+115
Boo Buie	G	-125	H	NU	BOIS	pts	18.5	17.0	17.63 - 15.38	18.3 - 16.18	41%	40%	16,14,4,35,23,21,26,13,20,21	-120	-110
Boo Buie	G	-125	H	NU	BOIS	ast	4.5	4.2	4.32 - 3.88	3.5 - 4.59	41%	40%	4,2,8,0,8,4,3,4,3,8	-105	-125
Boo Buie	G	-125	H	NU	BOIS	reb	3.5	3.5	3.74 - 2.88	2.9 - 3.82	41%	20%	1,1,2,3,4,6,4,3,3,2	'+130	-175
Braeden Smith	G	'+675	A	COLG	TEX	3ptm	0.5	1.1	1.19 - 0.62	1.0 - 1.11	76%	80%	1,0,3,1,1,2,2,1,0,1	-235	'+170
Braeden Smith	G	'+675	A	COLG	TEX	ast	3.5	4.5	5.04 - 2.75	3.94 - 5.0	65%	60%	6,5,3,7,2,8,6,6,7,0	-175	'+130
Braeden Smith	G	'+675	A	COLG	TEX	pts	10.5	11.9	11.88 - 11.75	12.38 - 11.39	53%	60%	11,9,19,11,7,12,20,4,4,9	'+110	-145
Braeden Smith	G	'+675	A	COLG	TEX	reb	3.5	3.9	3.77 - 4.12	3.44 - 4.22	47%	60%	6,4,6,3,1,4,3,6,6,2	-150	'+115
Brandon Miller	F	-12500	H	ALA	AMCC	3ptm	2.5	3.0	3.0 - 3.0	2.4 - 3.32	59%	60%	4,3,4,2,1,6,3,3,0,1	-180	'+135
Brandon Miller	F	-12500	H	ALA	AMCC	ast	2.5	2.0	2.08 - 1.8	1.6 - 2.26	45%	60%	4,4,5,2,0,1,1,0,3,4	'+105	-140
Brandon Miller	F	-12500	H	ALA	AMCC	reb	8.5	8.3	8.25 - 8.4	8.1 - 8.37	41%	80%	12,12,9,10,6,8,3,10,6,10	-125	-105
Brandon Miller	F	-12500	H	ALA	AMCC	pts	20.5	19.4	19.38 - 19.8	17.6 - 20.42	34%	40%	23,20,18,19,24,41,21,15,13,11	-125	-105
Caden Pierce	F	'+800	A	PRIN	ARIZ	3ptm	1.5	1.3	1.24 - 1.38	1.21 - 1.33	38%	80%	2,2,3,1,2,0,3,1,1,0	-155	'+115
Caden Pierce	F	'+800	A	PRIN	ARIZ	reb	8.5	7.1	7.86 - 5.12	6.64 - 7.53	34%	60%	10,12,10,8,7,9,5,8,10,5	'+105	-140
Caden Pierce	F	'+800	A	PRIN	ARIZ	ast	1.5	1.2	1.1 - 1.62	1.29 - 1.2	34%	20%	1,4,1,1,0,2,4,0,1,1	'+155	-210
Caden Pierce	F	'+800	A	PRIN	ARIZ	pts	9.5	8.3	9.0 - 6.62	7.36 - 9.27	31%	60%	12,14,17,9,6,9,12,3,13,2	-110	-120
Camren Wynter	G	'+130	A	PSU	TA&M	ast	2.5	2.2	2.45 - 1.6	1.93 - 2.38	43%	40%	4,3,1,1,1,3,1,5,2,5	-175	'+130
Camren Wynter	G	'+130	A	PSU	TA&M	pts	10.5	8.5	9.1 - 7.4	8.14 - 8.88	37%	40%	14,7,3,18,6,16,18,14,0,0	-120	-110
Camren Wynter	G	'+130	A	PSU	TA&M	reb	3.5	2.9	3.4 - 1.8	2.64 - 3.06	30%	60%	4,1,6,5,3,4,6,4,1,0	-115	-115
Camren Wynter	G	'+130	A	PSU	TA&M	3ptm	1.5	1.0	0.95 - 1.1	0.93 - 1.06	27%	0%	1,1,0,0,0,3,4,2,0,0	'+180	-250
Carlos Jurgens	G	'+225	A	ORU	DUKE	ast	1.5	2.4	2.37 - 2.25	2.13 - 2.53	59%	40%	0,1,0,2,3,1,0,2,4,1	'+135	-180
Carlos Jurgens	G	'+225	A	ORU	DUKE	pts	8.5	9.2	9.33 - 8.25	9.4 - 9.05	47%	60%	5,7,21,12,15,10,14,7,21,4	-110	-120
Carlos Jurgens	G	'+225	A	ORU	DUKE	reb	4.5	4.1	4.13 - 3.75	4.8 - 3.53	35%	60%	5,3,5,4,10,4,3,2,7,2	'+100	-135
Carlos Jurgens	G	'+225	A	ORU	DUKE	3ptm	1.5	1.0	1.1 - 0.5	1.0 - 1.05	26%	40%	1,1,2,1,3,1,0,1,2,1	'+120	-160
Cedric Henderson Jr	G	-1250	H	ARIZ	PRIN	3ptm	0.5	1.1	1.16 - 0.67	0.82 - 1.2	65%	60%	0,2,3,0,1,2,1,1,2,3	-215	'+155
Cedric Henderson Jr	G	-1250	H	ARIZ	PRIN	ast	1.5	1.1	1.16 - 0.83	1.0 - 1.15	29%	40%	2,0,3,1,1,1,0,2,2,2	'+160	-215
Cedric Henderson Jr	G	-1250	H	ARIZ	PRIN	pts	11.5	8.3	8.72 - 6.67	6.0 - 9.6	26%	40%	2,14,23,2,7,19,15,9,12,11	-105	-125
Cedric Henderson Jr	G	-1250	H	ARIZ	PRIN	reb	4.5	3.5	3.6 - 2.83	3.73 - 3.3	26%	20%	1,5,3,1,4,1,1,5,5,8	'+115	-150
Chase Audige	G	-125	H	NU	BOIS	pts	11.5	14.1	15.21 - 11.5	13.1 - 14.71	63%	20%	6,8,16,7,7,14,15,11,15,24	-125	-110
Chase Audige	G	-125	H	NU	BOIS	3ptm	1.5	1.9	2.11 - 1.5	1.7 - 2.06	52%	20%	0,1,2,1,1,4,3,1,1,3	-115	-115
Chase Audige	G	-125	H	NU	BOIS	reb	3.5	3.4	3.68 - 2.88	3.8 - 3.24	48%	60%	4,6,2,3,4,1,2,7,2,4	-170	'+130
Chase Audige	G	-125	H	NU	BOIS	ast	2.5	2.9	3.37 - 1.75	3.1 - 2.76	48%	20%	2,3,1,2,2,2,2,3,2,2	'+125	-170
Chibuzo Agbo	G	'+105	A	BOIS	NU	3ptm	1.5	2.0	2.13 - 1.67	2.5 - 1.61	59%	60%	1,3,4,0,4,2,0,2,0,0	-130	-105
Chibuzo Agbo	G	'+105	A	BOIS	NU	ast	0.5	0.8	0.91 - 0.67	0.79 - 0.89	56%	80%	1,2,1,0,1,0,1,0,0,0	-205	'+150
Chibuzo Agbo	G	'+105	A	BOIS	NU	pts	10.5	11.6	12.17 - 10.0	13.79 - 9.83	56%	60%	8,16,18,5,17,12,2,15,10,9	-115	-115
Chibuzo Agbo	G	'+105	A	BOIS	NU	reb	4.5	4.8	4.96 - 4.22	5.29 - 4.33	44%	40%	2,6,4,5,2,7,4,2,7,5	-125	-105
Chris Brandon	F	'+1300	A	NKU	HOU	reb	8.5	9.8	10.23 - 9.0	10.0 - 9.61	62%	100%	9,17,13,11,12,5,13,5,4,10	-115	-115
Chris Brandon	F	'+1300	A	NKU	HOU	ast	0.5	0.8	1.05 - 0.25	0.62 - 0.89	47%	60%	0,2,1,1,0,1,2,0,0,1	-125	-110
Coleman Hawkins	F	'+115	A	ILL	ARK	ast	2.5	3.2	3.53 - 2.67	2.75 - 3.62	61%	40%	4,6,2,2,0,3,1,4,1,3	'+115	-155
Coleman Hawkins	F	'+115	A	ILL	ARK	reb	6.5	6.4	6.68 - 5.89	5.75 - 6.94	54%	40%	5,4,7,7,4,7,7,8,9,8	-110	-120
Coleman Hawkins	F	'+115	A	ILL	ARK	3ptm	0.5	1.0	1.16 - 0.78	0.83 - 1.19	54%	40%	0,1,0,2,0,3,0,1,0,0	-200	'+145
Coleman Hawkins	F	'+115	A	ILL	ARK	pts	9.5	9.9	10.05 - 9.44	8.0 - 11.25	46%	40%	17,6,6,14,6,16,6,18,6,10	-120	-110
Connor Mccaffery	G	'+105	H	IOWA	AUB	3ptm	1.5	1.2	1.41 - 0.82	0.77 - 1.53	43%	20%	0,1,0,3,0,0,1,1,0,2	'+185	-260
Connor Mccaffery	G	'+105	H	IOWA	AUB	reb	4.5	4.1	3.82 - 4.55	4.23 - 4.0	36%	60%	1,8,5,3,8,4,6,10,1,3	-145	'+110
Connor Mccaffery	G	'+105	H	IOWA	AUB	ast	4.5	3.6	4.0 - 2.91	2.54 - 4.47	25%	40%	1,9,3,6,1,5,13,4,2,3	'+105	-140
Connor Vanover	F	'+225	A	ORU	DUKE	reb	7.5	7.2	7.17 - 7.75	7.4 - 7.11	52%	60%	10,11,6,4,9,9,9,14,2,8	'+105	-140
Connor Vanover	F	'+225	A	ORU	DUKE	pts	12.5	12.9	12.66 - 14.5	12.07 - 13.56	48%	80%	10,17,19,14,19,5,8,12,2,8	'+100	-135
Connor Vanover	F	'+225	A	ORU	DUKE	3ptm	1.5	1.4	1.17 - 2.75	1.67 - 1.11	45%	40%	0,1,1,2,2,0,1,2,0,1	'+120	-160
Courtney Ramey	G	-1250	H	ARIZ	PRIN	ast	3.5	3.8	3.77 - 3.83	4.27 - 3.47	57%	40%	1,6,1,3,4,4,5,6,5,5	'+100	-135
Courtney Ramey	G	-1250	H	ARIZ	PRIN	3ptm	2.5	2.7	2.55 - 3.17	2.73 - 2.65	50%	60%	1,3,4,0,3,4,2,3,8,2	'+115	-155
Courtney Ramey	G	-1250	H	ARIZ	PRIN	reb	4.5	4.0	4.05 - 4.0	3.91 - 4.12	39%	20%	7,3,0,4,2,5,5,7,6,5	-105	-125
Courtney Ramey	G	-1250	H	ARIZ	PRIN	pts	12.5	10.9	10.68 - 11.5	10.36 - 11.18	36%	40%	3,9,15,4,16,14,9,13,26,7	-120	-110
Dain Dainja	F	'+115	A	ILL	ARK	reb	4.5	5.3	5.58 - 4.78	5.17 - 5.44	57%	40%	7,2,4,1,5,4,5,7,9,5	-135	'+105
Dain Dainja	F	'+115	A	ILL	ARK	pts	8.5	9.4	9.84 - 8.44	8.58 - 10.0	50%	20%	13,7,8,0,3,12,11,15,17,4	-105	-125
Dajuan Harris Jr	G	-5000	H	KU	HOW	ast	5.5	6.0	6.36 - 4.67	5.44 - 6.27	58%	60%	4,6,8,7,5,6,8,9,3,3	-155	'+115
Dajuan Harris Jr	G	-5000	H	KU	HOW	3ptm	0.5	0.8	1.0 - 0.17	1.33 - 0.64	45%	40%	0,0,0,1,2,2,0,2,1,0	-145	'+110
Dajuan Harris Jr	G	-5000	H	KU	HOW	pts	10.5	8.8	10.2 - 2.83	8.22 - 9.0	42%	60%	6,11,13,5,16,17,6,14,16,2	-110	-120
Dajuan Harris Jr	G	-5000	H	KU	HOW	reb	2.5	2.3	2.28 - 2.17	2.67 - 2.09	42%	40%	1,2,4,5,0,1,5,1,3,3	-130	-105
Dalton Bolon	G	'+185	A	COFC	SDSU	ast	0.5	1.3	1.35 - 0.67	1.38 - 1.24	76%	100%	1,1,3,2,1,2,2,3,0,1	-140	'+105
Dalton Bolon	G	'+185	A	COFC	SDSU	pts	9.5	12.3	12.13 - 14.0	13.38 - 11.62	74%	80%	0,12,12,10,12,12,14,8,3,18	-120	-110
Dalton Bolon	G	'+185	A	COFC	SDSU	reb	3.5	4.2	4.19 - 4.0	4.69 - 3.86	56%	20%	1,2,8,2,1,3,2,5,6,5	'+110	-145
Dalton Bolon	G	'+185	A	COFC	SDSU	3ptm	1.5	1.8	1.84 - 1.33	1.85 - 1.76	53%	60%	0,2,2,2,0,4,3,1,1,4	-135	'+105
Darrion Trammell	G	-215	H	SDSU	COFC	3ptm	0.5	1.3	1.42 - 0.67	1.2 - 1.3	67%	60%	0,2,0,1,1,4,0,0,0,0	-215	'+160
Darrion Trammell	G	-215	H	SDSU	COFC	ast	2.5	3.4	3.62 - 2.33	3.5 - 3.3	60%	0%	1,1,2,2,2,3,2,6,7,4	-120	-110
Darrion Trammell	G	-215	H	SDSU	COFC	pts	8.5	9.6	9.42 - 10.33	11.4 - 8.7	43%	20%	4,15,0,3,7,18,4,0,4,10	-105	-125
Darrion Trammell	G	-215	H	SDSU	COFC	reb	2.5	2.2	2.42 - 1.33	2.0 - 2.3	33%	20%	1,2,5,2,0,2,1,1,2,1	'+145	-195
David Singleton	G	-2100	H	UCLA	UNCA	ast	0.5	1.1	1.08 - 1.0	0.82 - 1.22	66%	80%	1,1,2,1,0,0,0,1,0,2	-235	'+170
David Singleton	G	-2100	H	UCLA	UNCA	3ptm	1.5	1.9	1.92 - 2.0	1.82 - 2.0	66%	60%	0,3,2,5,0,0,1,1,2,2	-140	'+105
David Singleton	G	-2100	H	UCLA	UNCA	reb	2.5	2.6	2.54 - 3.0	2.36 - 2.78	41%	0%	1,2,2,0,1,2,3,1,2,3	'+110	-145
David Singleton	G	-2100	H	UCLA	UNCA	pts	9.5	8.8	9.12 - 7.4	8.82 - 8.83	38%	40%	0,12,6,17,8,0,3,5,8,9	'+105	-140
Davonte Davis	G	-135	H	ARK	ILL	ast	1.5	2.6	2.88 - 2.09	2.67 - 2.5	75%	40%	1,3,0,2,0,1,3,2,7,2	-175	'+130
Davonte Davis	G	-135	H	ARK	ILL	pts	10.5	10.4	9.47 - 11.82	12.08 - 9.12	46%	40%	5,7,8,13,21,0,14,7,15,15	-120	-110
Davonte Davis	G	-135	H	ARK	ILL	reb	4.5	4.0	3.88 - 4.27	4.58 - 3.62	39%	80%	6,10,2,6,5,1,3,6,3,4	-120	-110
Davonte Davis	G	-135	H	ARK	ILL	3ptm	1.5	1.4	1.12 - 1.82	1.83 - 1.06	39%	60%	1,1,2,3,3,0,4,1,1,4	'+120	-155
Deandre Gholston	G	'+105	H	MIZ	USU	ast	1.5	1.9	1.95 - 1.75	1.7 - 2.0	62%	80%	2,1,4,2,3,3,2,3,4,1	-185	'+135
Deandre Gholston	G	'+105	H	MIZ	USU	3ptm	0.5	0.9	1.0 - 0.62	0.9 - 0.89	59%	40%	1,0,0,0,1,0,4,0,1,3	-190	'+140
Deandre Gholston	G	'+105	H	MIZ	USU	pts	12.5	10.8	10.95 - 10.38	10.7 - 10.84	34%	40%	17,10,15,10,7,10,18,5,12,14	-105	-130
Deandre Gholston	G	'+105	H	MIZ	USU	reb	3.5	2.4	2.38 - 2.62	2.5 - 2.42	21%	20%	2,2,4,2,3,2,2,3,1,1	'+125	-170
Dereck Lively Ii	C	-265	H	DUKE	ORU	pts	6.5	5.3	5.88 - 2.8	3.85 - 6.56	31%	40%	4,8,13,2,6,13,10,6,6,2	-155	'+115
Dereck Lively Ii	C	-265	H	DUKE	ORU	reb	6.5	5.1	5.38 - 3.8	4.38 - 5.69	24%	20%	4,6,4,6,12,7,4,8,6,3	'+100	-130
Dexter Dennis	G	-150	H	TA&M	PSU	pts	10.5	9.9	10.74 - 8.0	9.45 - 10.12	50%	60%	14,9,11,11,9,17,14,13,12,9	-125	-105
Dexter Dennis	G	-150	H	TA&M	PSU	3ptm	1.5	1.4	1.63 - 1.0	1.36 - 1.47	43%	40%	3,0,1,1,2,3,2,3,2,0	'+110	-145
Dexter Dennis	G	-150	H	TA&M	PSU	ast	1.5	1.3	1.21 - 1.56	1.36 - 1.29	39%	40%	2,3,0,0,1,2,0,2,4,1	-105	-125
Dexter Dennis	G	-150	H	TA&M	PSU	reb	6.5	5.8	6.21 - 4.89	5.55 - 5.94	32%	60%	5,7,5,7,7,10,11,2,3,5	-120	-110
Dmoi Hodge	G	'+105	H	MIZ	USU	3ptm	2.5	2.9	3.29 - 2.0	3.1 - 2.84	66%	80%	3,4,1,6,3,1,4,4,1,0	-120	-110
Dmoi Hodge	G	'+105	H	MIZ	USU	ast	1.5	1.7	2.05 - 0.62	1.5 - 1.74	45%	60%	2,3,0,2,1,0,1,1,1,3	'+110	-145
Dmoi Hodge	G	'+105	H	MIZ	USU	pts	16.5	14.8	16.29 - 10.88	14.5 - 14.95	41%	60%	21,26,14,18,12,7,14,12,11,8	-105	-125
Dmoi Hodge	G	'+105	H	MIZ	USU	reb	4.5	3.9	3.48 - 5.0	4.5 - 3.58	31%	20%	9,4,2,2,2,3,3,4,7,2	'+120	-160
Donta Scott	F	'+130	H	MD	WVU	pts	10.5	11.7	13.75 - 7.7	8.7 - 13.25	53%	60%	10,20,1,11,18,5,5,9,13,19	-110	-120
Donta Scott	F	'+130	H	MD	WVU	reb	5.5	6.1	6.0 - 6.3	6.0 - 6.15	53%	20%	5,8,5,3,5,7,5,10,6,5	-115	-115
Donta Scott	F	'+130	H	MD	WVU	ast	1.5	1.6	1.75 - 1.3	1.4 - 1.7	50%	80%	4,3,2,2,0,1,2,4,2,1	-135	'+100
Donta Scott	F	'+130	H	MD	WVU	3ptm	1.5	1.4	1.6 - 0.9	1.2 - 1.45	43%	40%	2,4,0,1,1,1,1,1,2,1	'+125	-170
Drew Pember	F	'+1100	A	UNCA	UCLA	ast	1.5	2.3	2.48 - 1.71	2.65 - 2.0	71%	80%	2,2,1,2,3,4,3,4,1,2	-190	'+145
Drew Pember	F	'+1100	A	UNCA	UCLA	reb	8.5	9.4	9.78 - 7.71	9.0 - 9.71	53%	60%	8,10,16,3,10,10,9,5,8,8	-110	-120
Drew Pember	F	'+1100	A	UNCA	UCLA	pts	20.5	21.2	22.07 - 17.71	19.47 - 22.88	44%	80%	29,31,29,19,23,22,19,15,23,29	'+100	-130
Drew Pember	F	'+1100	A	UNCA	UCLA	3ptm	1.5	1.6	1.7 - 1.43	1.82 - 1.47	38%	40%	1,4,1,3,1,1,1,1,2,2	-120	-110
Dylan Disu	F	-975	H	TEX	COLG	ast	1.5	1.1	1.09 - 1.2	0.89 - 1.21	39%	40%	2,1,1,1,2,1,0,2,0,3	'+175	-240
Dylan Disu	F	-975	H	TEX	COLG	pts	10.5	8.4	8.48 - 8.0	10.89 - 7.21	32%	80%	18,15,11,9,24,12,11,8,4,5	-130	'+100
Dylan Disu	F	-975	H	TEX	COLG	reb	5.5	4.3	4.39 - 3.8	4.56 - 4.16	21%	60%	6,8,11,5,4,4,9,2,2,4	-130	'+100
Elijah Hawkins	G	'+1700	A	HOW	KU	ast	4.5	5.9	6.65 - 4.4	5.15 - 6.47	70%	100%	5,6,6,5,7,5,4,9,6,6	'+110	-150
Elijah Hawkins	G	'+1700	A	HOW	KU	pts	10.5	13.0	12.45 - 14.0	12.92 - 13.0	67%	20%	9,8,10,9,15,11,16,20,16,9	-130	'+100
Elijah Hawkins	G	'+1700	A	HOW	KU	3ptm	1.5	1.7	1.75 - 1.7	1.92 - 1.59	53%	20%	1,0,1,1,2,2,3,5,3,1	'+120	-160
Elijah Hawkins	G	'+1700	A	HOW	KU	reb	3.5	3.7	4.1 - 2.9	3.23 - 4.06	47%	40%	6,6,1,2,0,5,3,3,7,4	-140	'+105
Emmitt Matthews Jr	F	-150	A	WVU	MD	ast	0.5	1.2	1.33 - 1.07	0.92 - 1.44	66%	60%	1,1,0,0,2,2,3,1,1,2	-170	'+125
Emmitt Matthews Jr	F	-150	A	WVU	MD	pts	11.5	10.8	10.53 - 9.64	11.15 - 9.25	41%	60%	10,13,13,13,9,4,17,13,20,2	-115	-115
Emmitt Matthews Jr	F	-150	A	WVU	MD	reb	4.5	4.1	3.8 - 4.07	3.38 - 4.38	38%	40%	4,4,4,6,5,4,5,5,5,4	-150	'+115
Erik Stevenson	G	-150	A	WVU	MD	ast	2.5	2.5	2.82 - 1.86	2.15 - 2.56	48%	40%	2,6,1,4,1,1,0,0,3,3	-125	-105
Erik Stevenson	G	-150	A	WVU	MD	pts	16.5	16.3	17.29 - 13.07	13.54 - 16.72	39%	80%	13,18,23,23,23,27,5,3,8,34	-130	-105
Erik Stevenson	G	-150	A	WVU	MD	3ptm	2.5	2.5	2.88 - 1.57	1.62 - 2.78	39%	60%	1,3,4,2,5,6,1,1,0,6	'+100	-130
Erik Stevenson	G	-150	A	WVU	MD	reb	3.5	3.5	3.76 - 3.0	3.38 - 3.44	35%	40%	3,3,2,6,5,2,1,6,1,6	-170	'+125
Filip Rebraca	F	'+105	H	IOWA	AUB	ast	1.5	2.0	2.41 - 1.42	1.46 - 2.44	66%	60%	2,1,2,5,1,0,2,2,2,4	-160	'+120
Filip Rebraca	F	'+105	H	IOWA	AUB	reb	7.5	7.4	7.41 - 7.42	8.31 - 6.69	52%	20%	7,7,8,3,7,7,2,8,2,10	-120	-110
Filip Rebraca	F	'+105	H	IOWA	AUB	pts	14.5	13.8	13.82 - 13.83	13.0 - 14.5	41%	60%	20,10,16,18,13,10,10,16,13,20	-130	'+100
Gradey Dick	G	-5000	H	KU	HOW	reb	4.5	4.9	5.2 - 3.83	4.78 - 5.0	68%	60%	8,5,3,2,5,6,6,5,5,1	-135	'+100
Gradey Dick	G	-5000	H	KU	HOW	3ptm	1.5	2.3	2.52 - 1.5	1.89 - 2.5	65%	60%	0,2,4,2,0,5,3,2,0,1	-205	'+150
Gradey Dick	G	-5000	H	KU	HOW	pts	14.5	13.5	14.4 - 9.67	13.33 - 13.55	48%	40%	6,15,18,6,4,16,19,16,8,7	-115	-115
Gradey Dick	G	-5000	H	KU	HOW	ast	1.5	1.6	1.76 - 0.83	1.56 - 1.59	45%	20%	1,1,1,0,4,3,2,0,0,0	'+140	-190
Hakim Hart	G	'+130	H	MD	WVU	reb	3.5	4.2	4.25 - 4.2	3.8 - 4.45	70%	60%	2,3,4,5,4,4,4,5,4,1	-145	'+110
Hakim Hart	G	'+130	H	MD	WVU	pts	10.5	11.8	13.45 - 8.4	8.3 - 13.5	53%	40%	16,8,3,10,20,14,13,23,7,6	-130	'+100
Hakim Hart	G	'+130	H	MD	WVU	3ptm	1.5	1.3	1.3 - 1.2	1.2 - 1.3	30%	60%	3,1,1,2,2,4,2,2,0,0	'+130	-175
Hakim Hart	G	'+130	H	MD	WVU	ast	3.5	2.6	3.15 - 1.5	2.2 - 2.8	27%	60%	4,3,2,7,6,1,3,4,4,2	'+135	-180
Henry Coleman Iii	F	-150	H	TA&M	PSU	pts	7.5	9.4	10.15 - 7.89	9.92 - 9.12	59%	20%	2,6,16,4,5,11,9,7,8,15	-110	-120
Henry Coleman Iii	F	-150	H	TA&M	PSU	reb	5.5	5.9	5.95 - 5.67	6.0 - 5.76	41%	40%	9,4,11,2,5,1,3,5,4,6	-135	'+105
Isaac Mushila	F	'+2500	A	AMCC	ALA	reb	8.5	9.7	9.96 - 9.2	9.6 - 9.84	56%	60%	12,9,6,17,8,7,7,7,11,12	-115	-115
Isaac Mushila	F	'+2500	A	AMCC	ALA	pts	13.5	14.4	15.38 - 12.2	12.0 - 16.37	53%	60%	15,10,5,21,28,14,6,6,12,24	-120	-110
Issac Mcbride	G	'+225	A	ORU	DUKE	ast	1.5	2.6	2.73 - 2.0	2.73 - 2.58	82%	100%	3,2,3,2,3,2,0,4,3,1	-165	'+125
Issac Mcbride	G	'+225	A	ORU	DUKE	3ptm	1.5	1.8	1.77 - 2.25	1.87 - 1.79	59%	60%	2,0,2,3,0,2,2,0,1,3	-125	-105
Issac Mcbride	G	'+225	A	ORU	DUKE	pts	11.5	11.9	12.23 - 9.75	10.87 - 12.79	59%	20%	10,14,8,11,4,12,12,12,16,13	'+105	-140
Issac Mcbride	G	'+225	A	ORU	DUKE	reb	2.5	2.7	2.87 - 1.75	2.73 - 2.74	56%	100%	4,3,3,4,4,4,1,2,3,2	-180	'+135
Jaedon Ledee	F	-215	H	SDSU	COFC	ast	0.5	1.0	1.08 - 0.83	0.5 - 1.29	61%	80%	1,1,3,1,0,0,0,1,0,1	-140	'+105
Jaedon Ledee	F	-215	H	SDSU	COFC	reb	5.5	4.9	5.24 - 3.67	4.5 - 5.14	39%	60%	10,0,8,8,2,0,5,3,4,5	'+115	-150
Jaedon Ledee	F	-215	H	SDSU	COFC	pts	8.5	7.5	8.12 - 5.17	6.3 - 8.14	35%	60%	13,2,10,21,8,4,6,6,9,8	-135	'+100
Jahmir Young	G	'+130	H	MD	WVU	ast	2.5	3.1	3.1 - 3.2	3.0 - 3.2	57%	40%	2,3,1,2,3,6,4,4,1,1	-170	'+130
Jahmir Young	G	'+130	H	MD	WVU	reb	4.5	4.9	5.0 - 4.7	4.8 - 4.95	50%	40%	2,6,8,3,2,6,5,4,3,6	-155	'+115
Jahmir Young	G	'+130	H	MD	WVU	pts	17.5	16.0	16.95 - 14.0	14.8 - 16.55	43%	40%	12,15,26,18,11,16,20,18,14,20	'+100	-135
Jahmir Young	G	'+130	H	MD	WVU	3ptm	1.5	1.3	1.3 - 1.3	1.4 - 1.25	30%	40%	1,0,3,4,1,1,1,2,1,3	'+115	-155
Jahvon Quinerly	G	-12500	H	ALA	AMCC	ast	4.5	3.9	4.27 - 2.4	2.1 - 5.0	37%	40%	3,7,4,3,7,2,6,3,0,6	-120	-110
Jahvon Quinerly	G	-12500	H	ALA	AMCC	reb	2.5	2.0	2.23 - 1.0	1.8 - 2.12	33%	60%	3,3,2,1,3,2,2,3,1,0	'+105	-140
Jahvon Quinerly	G	-12500	H	ALA	AMCC	pts	12.5	7.9	8.23 - 6.4	6.2 - 8.88	19%	40%	22,1,10,12,16,2,3,3,2,4	-120	-110
Jahvon Quinerly	G	-12500	H	ALA	AMCC	3ptm	2.5	1.2	1.36 - 0.6	0.7 - 1.53	19%	20%	4,0,2,2,1,0,1,1,0,0	'+125	-165
Jaime Jaquez Jr	G	-2100	H	UCLA	UNCA	ast	1.5	2.2	2.04 - 2.8	2.27 - 2.11	76%	60%	2,0,2,3,0,2,3,2,3,3	-170	'+130
Jaime Jaquez Jr	G	-2100	H	UCLA	UNCA	pts	19.5	18.6	19.29 - 15.0	18.55 - 18.56	41%	40%	13,18,16,22,26,17,23,20,26,25	-105	-130
Jaime Jaquez Jr	G	-2100	H	UCLA	UNCA	reb	9.5	7.9	7.96 - 7.8	7.64 - 8.11	28%	60%	10,10,9,10,7,5,8,8,9,12	-105	-125
Jaime Jaquez Jr	G	-2100	H	UCLA	UNCA	3ptm	1.5	0.9	0.92 - 0.6	0.82 - 0.89	24%	20%	0,2,1,0,1,0,2,2,1,2	'+160	-220
Jalen Pickett	G	'+130	A	PSU	TA&M	ast	5.5	6.6	6.75 - 6.2	5.43 - 7.56	67%	40%	4,4,2,8,7,5,4,8,5,7	-115	-115
Jalen Pickett	G	'+130	A	PSU	TA&M	reb	6.5	7.3	7.1 - 7.8	7.0 - 7.62	63%	80%	6,8,9,8,7,9,3,9,3,7	-105	-125
Jalen Pickett	G	'+130	A	PSU	TA&M	pts	17.5	17.2	18.25 - 15.0	17.57 - 16.81	40%	20%	11,28,15,12,16,11,23,32,15,15	-110	-120
Jalen Pickett	G	'+130	A	PSU	TA&M	3ptm	1.5	1.2	1.25 - 1.0	1.0 - 1.31	30%	20%	0,1,1,0,2,1,2,4,1,1	'+130	-175
Jalen Slawson	F	'+200	A	FUR	UVA	pts	12.5	15.7	16.11 - 14.14	14.36 - 16.65	71%	60%	20,15,12,7,27,11,22,17,11,16	-125	-105
Jalen Slawson	F	'+200	A	FUR	UVA	reb	6.5	7.1	7.41 - 6.14	6.29 - 7.75	59%	60%	5,9,4,10,7,11,5,8,4,9	-105	-125
Jalen Slawson	F	'+200	A	FUR	UVA	ast	2.5	3.2	3.22 - 3.29	3.29 - 3.2	59%	40%	4,1,0,3,1,4,2,3,4,1	-105	-125
Jalen Slawson	F	'+200	A	FUR	UVA	3ptm	1.5	1.1	1.11 - 1.29	1.21 - 1.1	38%	60%	2,2,1,0,3,0,3,0,2,2	'+135	-185
Jalen Wilson	F	-5000	H	KU	HOW	ast	1.5	2.4	2.52 - 1.67	2.44 - 2.32	71%	40%	0,0,2,1,2,2,3,1,5,2	-170	'+130
Jalen Wilson	F	-5000	H	KU	HOW	reb	7.5	8.6	9.04 - 6.83	8.89 - 8.5	61%	60%	6,10,11,10,5,6,13,13,5,9	-145	'+110
Jalen Wilson	F	-5000	H	KU	HOW	3ptm	1.5	2.0	1.88 - 2.67	2.44 - 1.86	61%	60%	2,3,1,3,0,0,0,0,3,3	'+105	-140
Jalen Wilson	F	-5000	H	KU	HOW	pts	20.5	20.3	19.56 - 23.33	19.22 - 20.73	55%	100%	24,25,22,23,21,11,7,21,18,26	-110	-120
Jamal Shead	G	-2800	H	HOU	NKU	reb	2.5	3.0	2.93 - 4.0	2.22 - 3.36	58%	40%	0,4,1,1,3,3,1,3,1,7	-180	'+135
Jamal Shead	G	-2800	H	HOU	NKU	ast	5.5	5.4	5.71 - 2.67	6.0 - 5.18	42%	40%	4,9,4,7,1,3,6,2,8,12	'+105	-140
Jamal Shead	G	-2800	H	HOU	NKU	3ptm	1.5	1.3	1.21 - 2.0	1.22 - 1.32	39%	80%	2,2,1,2,4,0,1,0,1,1	-125	-105
Jamal Shead	G	-2800	H	HOU	NKU	pts	12.5	10.2	9.54 - 16.0	10.22 - 10.14	35%	80%	16,16,12,16,25,4,10,10,13,3	-115	-115
Jarace Walker	F	-2800	H	HOU	NKU	ast	1.5	1.7	1.74 - 1.0	2.0 - 1.52	53%	40%	1,3,1,1,2,2,1,3,2,1	-105	-125
Jarace Walker	F	-2800	H	HOU	NKU	pts	10.5	11.2	11.33 - 10.0	15.78 - 9.24	43%	60%	13,13,5,10,11,7,9,4,14,6	-155	'+115
Jarace Walker	F	-2800	H	HOU	NKU	reb	7.5	6.6	6.63 - 6.67	5.89 - 6.95	37%	40%	3,8,5,7,9,6,13,8,4,8	-125	-105
Jarace Walker	F	-2800	H	HOU	NKU	3ptm	1.5	1.0	1.0 - 0.67	1.89 - 0.57	30%	40%	2,1,0,2,1,1,1,0,2,0	'+115	-155
Jayden Gardner	F	-240	H	UVA	FUR	ast	0.5	0.7	0.67 - 0.71	0.92 - 0.53	52%	60%	0,2,0,1,1,1,2,2,0,1	-205	'+150
Jayden Gardner	F	-240	H	UVA	FUR	reb	7.5	5.8	5.75 - 6.0	5.33 - 6.11	32%	60%	4,12,10,4,9,12,5,12,3,1	-115	-115
Jayden Gardner	F	-240	H	UVA	FUR	pts	16.5	11.9	11.79 - 12.43	11.25 - 12.37	23%	40%	7,23,17,16,12,19,16,8,10,6	-105	-130
Jelani Williams	G	'+1700	A	HOW	KU	ast	1.5	2.1	2.14 - 2.17	2.44 - 1.89	53%	100%	2,3,2,5,2,5,1,0,1,1	-105	-125
Jelani Williams	G	'+1700	A	HOW	KU	3ptm	0.5	0.8	0.73 - 0.83	1.12 - 0.44	53%	40%	1,0,0,0,3,1,1,0,1,2	-115	-115
Jelani Williams	G	'+1700	A	HOW	KU	pts	7.5	9.2	8.95 - 9.75	12.19 - 6.61	50%	40%	20,6,2,4,23,10,11,3,6,19	-130	'+100
Jelani Williams	G	'+1700	A	HOW	KU	reb	4.5	4.4	4.73 - 3.92	5.06 - 3.89	47%	80%	6,5,5,4,7,4,5,5,0,12	-110	-120
Jeremy Roach	G	-265	H	DUKE	ORU	ast	2.5	3.1	3.39 - 2.0	2.0 - 4.0	54%	20%	1,1,6,0,2,10,6,2,3,2	-135	'+100
Jeremy Roach	G	-265	H	DUKE	ORU	pts	13.5	13.8	14.09 - 12.2	13.67 - 13.81	50%	40%	23,13,9,10,20,19,14,17,9,16	-125	-105
Jeremy Roach	G	-265	H	DUKE	ORU	3ptm	1.5	1.5	1.61 - 0.8	1.58 - 1.38	50%	40%	2,1,1,2,0,2,0,3,0,2	'+105	-140
Jeremy Roach	G	-265	H	DUKE	ORU	reb	2.5	2.6	2.65 - 2.4	2.75 - 2.5	46%	60%	4,3,4,2,1,5,1,2,2,0	-135	'+105
Joe Toussaint	G	-150	A	WVU	MD	pts	7.5	9.8	10.53 - 8.79	10.85 - 8.94	68%	40%	11,5,19,2,3,5,11,4,8,9	-125	-105
Joe Toussaint	G	-150	A	WVU	MD	3ptm	0.5	1.0	0.94 - 1.0	1.08 - 0.89	65%	60%	1,1,3,0,0,1,2,0,0,0	-200	'+150
Joe Toussaint	G	-150	A	WVU	MD	reb	2.5	3.0	3.0 - 2.86	3.77 - 2.33	58%	60%	2,1,7,5,3,0,4,1,0,2	-105	-125
Joe Toussaint	G	-150	A	WVU	MD	ast	2.5	2.7	2.82 - 2.57	2.62 - 2.78	48%	60%	4,2,3,1,4,4,4,2,2,1	'+115	-155
Johni Broome	F	-125	A	AUB	IOWA	pts	15.5	14.2	13.59 - 13.56	14.36 - 13.0	38%	60%	13,12,19,20,20,8,11,19,15,16	-120	-110
Johni Broome	F	-125	A	AUB	IOWA	reb	8.5	8.5	9.06 - 6.67	7.36 - 8.87	38%	20%	7,1,8,6,10,9,9,18,7,7	-110	-120
Johni Broome	F	-125	A	AUB	IOWA	ast	1.5	1.3	1.29 - 1.22	1.55 - 1.07	35%	60%	0,1,3,2,2,2,0,1,5,0	'+105	-140
Josiah Jordan James	G	-645	H	TENN	LAF	reb	4.5	4.9	4.79 - 5.25	4.5 - 5.0	50%	40%	1,7,3,2,14,7,7,7,7,5	-115	-115
Josiah Jordan James	G	-645	H	TENN	LAF	ast	1.5	1.8	1.43 - 2.5	1.75 - 1.64	50%	40%	3,2,1,1,1,1,2,0,1,4	-155	'+120
Josiah Jordan James	G	-645	H	TENN	LAF	pts	11.5	11.1	11.57 - 6.75	10.25 - 10.57	44%	60%	3,20,11,18,15,4,14,6,22,5	-110	-120
Josiah Jordan James	G	-645	H	TENN	LAF	3ptm	1.5	1.8	1.86 - 1.25	1.5 - 1.79	44%	40%	0,4,1,4,1,0,1,0,4,1	-115	-115
Jp Pegues	G	'+200	A	FUR	UVA	ast	3.5	4.0	4.04 - 3.71	3.79 - 4.1	62%	80%	4,2,4,4,5,2,5,7,2,7	-105	-125
Jp Pegues	G	'+200	A	FUR	UVA	reb	3.5	3.8	4.07 - 2.71	3.86 - 3.75	53%	80%	6,5,4,4,3,0,3,9,1,3	-115	-115
Jp Pegues	G	'+200	A	FUR	UVA	3ptm	1.5	1.9	1.89 - 2.0	2.07 - 1.8	50%	60%	0,3,4,4,1,2,0,0,3,3	-185	'+135
Jp Pegues	G	'+200	A	FUR	UVA	pts	12.5	12.0	12.15 - 11.57	12.07 - 12.0	47%	100%	17,24,22,20,18,13,10,7,13,13	'+105	-140
Julian Phillips	F	-645	H	TENN	LAF	reb	4.5	5.0	5.26 - 3.17	5.25 - 4.53	56%	60%	8,6,5,2,3,4,2,1,4,3	-110	-120
Julian Phillips	F	-645	H	TENN	LAF	pts	8.5	9.2	10.0 - 4.83	8.88 - 8.71	44%	20%	10,8,7,4,2,6,4,5,10,2	'+100	-135
Julian Phillips	F	-645	H	TENN	LAF	ast	1.5	1.6	1.95 - 0.33	1.0 - 1.82	40%	20%	0,1,3,0,0,1,1,6,1,0	'+160	-215
Julian Reese	F	'+130	H	MD	WVU	ast	0.5	1.0	1.05 - 0.9	1.2 - 0.89	59%	80%	1,1,2,2,0,0,0,0,3,1	-190	'+140
Julian Reese	F	'+130	H	MD	WVU	pts	11.5	11.2	12.11 - 9.4	10.4 - 11.58	38%	60%	5,10,12,12,21,16,10,11,16,10	-110	-120
Julian Reese	F	'+130	H	MD	WVU	reb	7.5	7.1	7.63 - 6.2	6.3 - 7.58	34%	60%	7,8,5,10,12,16,9,5,5,11	-110	-120
Jwan Roberts	F	-2800	H	HOU	NKU	pts	10.5	10.1	10.11 - 9.67	10.33 - 9.95	45%	40%	12,16,0,1,6,17,26,20,8,6	-120	-110
Jwan Roberts	F	-2800	H	HOU	NKU	reb	8.5	7.8	7.43 - 11.33	8.22 - 7.64	35%	40%	20,8,12,6,3,12,7,12,10,10	-125	-105
Kareem Thompson	G	'+225	A	ORU	DUKE	ast	2.5	3.1	3.37 - 0.75	3.0 - 3.11	59%	80%	0,3,5,3,4,1,6,1,4,4	-115	-115
Kareem Thompson	G	'+225	A	ORU	DUKE	3ptm	0.5	0.9	0.77 - 2.0	1.07 - 0.79	59%	60%	0,0,1,1,2,1,0,0,1,0	-120	-110
Kareem Thompson	G	'+225	A	ORU	DUKE	reb	5.5	5.7	5.93 - 4.0	5.53 - 5.84	53%	80%	7,9,5,6,7,6,8,6,4,8	-150	'+115
Kareem Thompson	G	'+225	A	ORU	DUKE	pts	7.5	8.6	8.5 - 9.0	8.87 - 8.32	50%	60%	6,2,15,11,16,7,6,4,3,10	-115	-115
Kd Johnson	G	-125	A	AUB	IOWA	pts	9.5	9.1	8.47 - 10.0	7.64 - 10.0	46%	40%	20,7,4,6,15,12,10,13,10,5	-115	-115
Kedrian Johnson	G	-150	A	WVU	MD	ast	2.5	3.3	3.35 - 2.77	2.69 - 3.41	60%	20%	1,2,5,0,1,4,6,3,6,3	-135	'+105
Kedrian Johnson	G	-150	A	WVU	MD	3ptm	0.5	0.9	0.88 - 0.77	0.38 - 1.18	57%	60%	0,2,0,1,1,2,0,0,3,0	-200	'+150
Kedrian Johnson	G	-150	A	WVU	MD	pts	11.5	11.3	11.0 - 9.92	7.46 - 12.88	37%	60%	8,20,8,15,12,20,4,5,22,16	-115	-115
Kedrian Johnson	G	-150	A	WVU	MD	reb	2.5	2.3	2.18 - 2.23	2.69 - 1.82	30%	60%	5,6,4,1,2,2,1,2,1,3	-110	-125
Keegan Records	F	'+675	A	COLG	TEX	pts	12.5	13.0	13.38 - 11.75	13.62 - 12.44	50%	80%	21,20,13,25,8,16,10,17,19,10	-115	-115
Keegan Records	F	'+675	A	COLG	TEX	ast	1.5	1.4	1.5 - 0.88	1.06 - 1.61	41%	60%	3,3,2,0,0,3,2,1,3,2	'+160	-215
Keegan Records	F	'+675	A	COLG	TEX	reb	6.5	6.0	6.35 - 4.88	6.12 - 5.89	35%	20%	6,5,4,9,4,6,11,4,9,6	-145	'+110
Keshad Johnson	F	-215	H	SDSU	COFC	pts	7.5	8.0	8.0 - 8.0	6.8 - 8.57	55%	40%	4,15,8,4,4,9,7,14,10,4	-135	'+100
Keshad Johnson	F	-215	H	SDSU	COFC	ast	0.5	0.6	0.64 - 0.33	0.0 - 0.86	42%	40%	0,1,1,0,0,0,0,2,0,0	-110	-120
Keshad Johnson	F	-215	H	SDSU	COFC	reb	5.5	5.1	5.2 - 4.83	5.3 - 5.05	35%	40%	3,4,8,6,2,10,10,4,5,4	-145	'+110
Kihei Clark	G	-240	H	UVA	FUR	ast	4.5	5.4	5.67 - 4.57	5.33 - 5.47	58%	40%	1,4,3,6,6,5,3,4,6,5	-145	'+110
Kihei Clark	G	-240	H	UVA	FUR	pts	11.5	11.1	11.04 - 11.14	12.33 - 10.26	48%	20%	6,13,8,6,5,9,7,15,14,16	-110	-120
Kihei Clark	G	-240	H	UVA	FUR	3ptm	1.5	1.2	1.17 - 1.29	1.42 - 1.05	35%	20%	0,3,0,1,0,1,1,1,1,1	'+150	-205
Kihei Clark	G	-240	H	UVA	FUR	reb	3.5	2.6	2.62 - 2.71	3.17 - 2.32	29%	40%	1,3,5,4,0,2,1,1,4,2	'+135	-185
Kj Adams Jr	F	-5000	H	KU	HOW	ast	1.5	2.0	2.04 - 1.83	1.67 - 2.14	61%	60%	2,4,2,0,1,5,2,3,1,3	-135	'+100
Kj Adams Jr	F	-5000	H	KU	HOW	reb	4.5	4.4	4.4 - 4.17	3.78 - 4.59	45%	20%	4,4,3,2,8,6,6,4,3,4	-110	-120
Kj Adams Jr	F	-5000	H	KU	HOW	pts	10.5	10.0	11.08 - 5.67	11.11 - 9.59	39%	20%	6,8,13,9,7,13,6,17,10,7	-110	-120
Kobe Brown	G	'+105	H	MIZ	USU	pts	15.5	15.8	17.0 - 12.0	11.8 - 17.94	57%	60%	6,24,17,8,24,7,21,19,10,26	-135	'+100
Kobe Brown	G	'+105	H	MIZ	USU	ast	2.5	2.6	3.0 - 1.43	2.1 - 2.89	43%	20%	2,3,1,2,0,5,2,6,0,5	'+150	-200
Kobe Brown	G	'+105	H	MIZ	USU	3ptm	1.5	1.5	1.57 - 1.14	1.2 - 1.61	39%	40%	0,3,1,0,5,1,3,2,0,5	'+145	-195
Kobe Brown	G	'+105	H	MIZ	USU	reb	7.5	6.5	6.62 - 6.0	5.8 - 6.83	32%	40%	7,9,7,9,6,5,5,8,7,8	-155	'+115
Kris Murray	F	'+105	H	IOWA	AUB	pts	19.5	19.6	22.07 - 15.9	17.69 - 21.67	48%	60%	17,22,26,26,5,14,20,28,19,16	-105	-125
Kris Murray	F	'+105	H	IOWA	AUB	3ptm	2.5	2.2	2.47 - 1.8	2.08 - 2.33	48%	40%	2,3,5,2,1,0,3,3,2,2	'+130	-175
Kris Murray	F	'+105	H	IOWA	AUB	reb	7.5	8.0	8.6 - 7.2	8.46 - 7.58	44%	20%	6,7,7,8,5,5,5,14,7,8	'+100	-135
Kris Murray	F	'+105	H	IOWA	AUB	ast	2.5	2.1	1.8 - 2.6	1.77 - 2.5	36%	80%	5,4,3,4,1,1,1,2,3,2	'+125	-165
Kyle Filipowski	C	-265	H	DUKE	ORU	reb	8.5	8.8	8.76 - 9.17	9.64 - 8.18	52%	80%	10,11,0,13,14,3,7,11,6,6	-145	'+110
Kyle Filipowski	C	-265	H	DUKE	ORU	ast	1.5	1.5	1.68 - 1.0	1.57 - 1.53	45%	20%	1,5,1,1,1,1,3,3,3,1	-105	-130
Kyle Filipowski	C	-265	H	DUKE	ORU	pts	16.5	15.3	15.44 - 14.5	16.0 - 14.65	42%	80%	20,17,22,22,11,12,13,14,22,0	-135	'+100
Kyle Filipowski	C	-265	H	DUKE	ORU	3ptm	1.5	1.1	1.0 - 1.33	1.14 - 1.0	23%	20%	1,1,4,1,0,0,1,2,0,0	'+115	-150
Lamont Butler	G	-215	H	SDSU	COFC	3ptm	0.5	1.1	1.2 - 0.5	1.5 - 0.86	71%	60%	0,1,2,0,1,2,0,1,0,1	-185	'+140
Lamont Butler	G	-215	H	SDSU	COFC	pts	7.5	8.6	9.12 - 6.5	9.5 - 8.19	55%	20%	4,7,16,0,3,10,2,7,7,3	-110	-125
Lamont Butler	G	-215	H	SDSU	COFC	ast	3.5	3.1	3.32 - 2.17	2.0 - 3.62	42%	40%	3,4,1,6,1,2,1,7,5,5	'+130	-175
Lamont Butler	G	-215	H	SDSU	COFC	reb	3.5	2.6	2.72 - 2.0	1.9 - 2.9	23%	60%	4,3,5,3,4,4,2,7,3,2	'+130	-170
Marcus Carr	G	-975	H	TEX	COLG	3ptm	1.5	2.2	2.12 - 2.4	2.0 - 2.25	59%	20%	1,1,1,0,2,0,5,2,0,1	-170	'+125
Marcus Carr	G	-975	H	TEX	COLG	pts	16.5	16.1	16.08 - 16.2	15.22 - 16.5	48%	20%	17,10,11,6,11,17,23,16,10,5	-110	-120
Marcus Carr	G	-975	H	TEX	COLG	ast	4.5	4.1	3.83 - 5.2	3.89 - 4.15	38%	40%	3,3,3,6,6,4,6,4,4,1	-160	'+120
Marcus Carr	G	-975	H	TEX	COLG	reb	3.5	3.0	2.83 - 4.0	2.33 - 3.35	34%	40%	3,4,3,3,5,6,2,4,1,3	-135	'+100
Marcus Dockery	G	'+1700	A	HOW	KU	pts	8.5	9.6	11.86 - 4.22	8.17 - 10.5	63%	80%	5,10,9,12,14,3,8,12,13,14	-120	-110
Marcus Dockery	G	'+1700	A	HOW	KU	3ptm	1.5	2.1	2.76 - 0.67	1.83 - 2.33	57%	80%	1,2,3,4,4,1,1,3,1,2	-170	'+130
Marcus Dockery	G	'+1700	A	HOW	KU	reb	2.5	2.4	2.95 - 1.11	2.08 - 2.61	50%	80%	3,4,3,1,3,0,5,4,1,4	-140	'+105
Marcus Foster	G	'+200	A	FUR	UVA	pts	7.5	10.6	11.7 - 6.43	9.64 - 11.3	71%	60%	8,1,9,16,6,15,6,17,5,8	-120	-110
Marcus Foster	G	'+200	A	FUR	UVA	reb	4.5	5.2	5.56 - 3.71	4.93 - 5.35	65%	60%	9,6,1,4,5,6,7,7,6,3	-155	'+120
Marcus Foster	G	'+200	A	FUR	UVA	ast	0.5	1.1	1.26 - 0.43	0.93 - 1.2	56%	40%	0,1,1,0,0,3,0,2,3,1	-210	'+155
Marcus Foster	G	'+200	A	FUR	UVA	3ptm	1.5	1.8	1.93 - 1.14	2.0 - 1.6	53%	40%	2,0,1,2,0,1,2,3,1,0	'+120	-160
Marcus Shaver Jr	G	'+105	A	BOIS	NU	reb	5.5	6.2	6.15 - 6.29	5.67 - 6.6	59%	80%	8,8,7,7,3,4,5,5,4,5	-150	'+110
Marcus Shaver Jr	G	'+105	A	BOIS	NU	ast	3.5	3.7	3.75 - 3.71	3.92 - 3.6	59%	40%	3,5,5,2,3,1,2,2,4,0	'+110	-150
Marcus Shaver Jr	G	'+105	A	BOIS	NU	pts	13.5	13.8	13.65 - 14.14	13.17 - 14.27	56%	60%	14,17,13,9,14,9,19,15,17,12	-105	-125
Marcus Shaver Jr	G	'+105	A	BOIS	NU	3ptm	1.5	1.0	1.35 - 0.14	0.92 - 1.13	26%	20%	0,3,0,1,0,0,1,1,3,1	'+155	-210
Mark Sears	G	-12500	H	ALA	AMCC	pts	10.5	11.8	12.92 - 6.2	9.8 - 12.79	59%	20%	3,9,3,5,13,8,17,2,15,13	-125	-105
Mark Sears	G	-12500	H	ALA	AMCC	ast	2.5	2.7	2.96 - 1.4	2.4 - 2.84	52%	20%	1,2,4,0,2,2,3,3,3,3	'+100	-130
Mark Sears	G	-12500	H	ALA	AMCC	reb	2.5	3.4	3.46 - 3.4	4.1 - 3.11	48%	20%	0,2,1,7,2,3,1,1,6,2	-140	'+105
Mark Sears	G	-12500	H	ALA	AMCC	3ptm	2.5	1.8	2.0 - 0.8	1.3 - 2.05	24%	0%	1,1,1,1,0,1,5,0,2,3	'+140	-190
Marques Warrick	G	'+1300	A	NKU	HOU	pts	15.5	19.1	21.0 - 15.67	18.25 - 19.89	76%	80%	18,22,22,14,20,26,22,21,27,6	-130	-105
Marques Warrick	G	'+1300	A	NKU	HOU	ast	1.5	2.7	2.59 - 2.83	2.31 - 3.0	74%	40%	0,0,1,3,3,0,4,6,2,5	-135	'+105
Marques Warrick	G	'+1300	A	NKU	HOU	reb	2.5	2.4	2.23 - 2.75	2.38 - 2.44	53%	40%	6,1,1,0,3,3,3,1,4,0	'+100	-130
Marques Warrick	G	'+1300	A	NKU	HOU	3ptm	2.5	2.5	2.95 - 1.75	2.31 - 2.72	41%	60%	1,1,5,3,3,5,3,5,5,0	'+105	-135
Matt Allocco	G	'+800	A	PRIN	ARIZ	reb	3.5	4.9	5.0 - 4.75	5.14 - 4.73	66%	80%	7,5,6,5,3,3,4,4,5,2	-170	'+130
Matt Allocco	G	'+800	A	PRIN	ARIZ	ast	1.5	2.0	1.81 - 2.62	1.86 - 2.2	55%	20%	1,2,1,0,1,1,0,3,6,2	'+105	-135
Matt Allocco	G	'+800	A	PRIN	ARIZ	pts	11.5	11.0	11.19 - 10.62	13.0 - 9.2	48%	60%	15,4,12,8,13,20,7,12,16,6	'+100	-135
Matt Allocco	G	'+800	A	PRIN	ARIZ	3ptm	1.5	1.5	1.38 - 1.88	2.0 - 1.07	45%	40%	3,0,0,1,2,2,0,1,1,2	'+110	-145
Matt Bradley	G	-215	H	SDSU	COFC	reb	3.5	3.8	3.56 - 4.67	4.2 - 3.57	58%	40%	2,5,2,1,6,5,3,4,0,3	-145	'+110
Matt Bradley	G	-215	H	SDSU	COFC	ast	1.5	2.2	2.32 - 1.5	2.5 - 2.0	55%	20%	0,1,2,1,1,7,3,2,0,2	-170	'+130
Matt Bradley	G	-215	H	SDSU	COFC	pts	13.5	12.8	12.36 - 14.5	13.3 - 12.52	48%	40%	16,8,13,11,16,11,10,17,3,16	-115	-115
Matt Bradley	G	-215	H	SDSU	COFC	3ptm	1.5	1.5	1.6 - 1.33	1.8 - 1.43	39%	40%	1,2,1,1,2,1,2,3,0,3	'+150	-200
Matthew Mayer	F	'+115	A	ILL	ARK	ast	0.5	1.1	1.26 - 0.89	1.33 - 1.0	64%	80%	1,1,0,1,2,2,0,0,4,0	-245	'+180
Matthew Mayer	F	'+115	A	ILL	ARK	3ptm	1.5	2.1	2.16 - 2.0	2.75 - 1.62	61%	60%	0,1,4,3,2,2,4,1,4,3	-180	'+135
Matthew Mayer	F	'+115	A	ILL	ARK	reb	6.5	5.6	6.0 - 4.67	4.75 - 6.19	39%	60%	8,6,7,3,8,7,8,8,5,6	'+105	-140
Matthew Mayer	F	'+115	A	ILL	ARK	pts	15.5	13.0	13.11 - 12.78	15.08 - 11.44	39%	40%	7,16,24,11,14,22,24,8,21,16	'+100	-135
Max Abmas	G	'+225	A	ORU	DUKE	ast	3.5	4.0	4.0 - 4.0	3.87 - 4.11	67%	80%	11,4,6,3,4,5,4,2,2,3	-150	'+110
Max Abmas	G	'+225	A	ORU	DUKE	reb	3.5	4.4	4.34 - 4.75	4.0 - 4.72	58%	20%	3,7,2,1,1,3,2,4,7,2	'+135	-180
Max Abmas	G	'+225	A	ORU	DUKE	pts	21.5	22.2	23.14 - 15.0	20.53 - 23.5	55%	40%	26,23,14,12,18,27,19,29,27,21	-125	-105
Max Abmas	G	'+225	A	ORU	DUKE	3ptm	3.5	3.5	3.79 - 1.75	3.0 - 4.0	48%	20%	3,3,4,1,2,4,3,5,4,4	'+135	-180
Max Rice	G	'+105	A	BOIS	NU	reb	4.5	4.6	4.96 - 3.56	4.21 - 4.83	53%	40%	3,1,5,3,6,7,8,4,0,1	'+110	-145
Max Rice	G	'+105	A	BOIS	NU	ast	1.5	1.8	1.87 - 1.44	1.64 - 1.83	47%	60%	1,4,2,0,5,2,2,4,0,2	-200	'+150
Max Rice	G	'+105	A	BOIS	NU	pts	13.5	13.4	14.52 - 10.67	13.0 - 13.78	44%	20%	1,12,13,26,12,30,17,7,10,16	-105	-125
Max Rice	G	'+105	A	BOIS	NU	3ptm	2.5	2.0	2.43 - 1.0	1.57 - 2.39	31%	40%	0,3,2,5,2,5,2,1,1,0	'+135	-180
Max Shulga	G	-125	A	USU	MIZ	ast	3.5	4.2	4.26 - 4.0	3.77 - 4.53	63%	80%	3,5,5,6,4,4,5,6,2,1	-170	'+125
Max Shulga	G	-125	A	USU	MIZ	reb	4.5	4.4	4.83 - 3.14	3.38 - 5.24	43%	40%	6,2,3,4,5,10,0,3,3,2	-105	-125
Max Shulga	G	-125	A	USU	MIZ	pts	12.5	11.9	12.3 - 10.43	11.69 - 12.0	40%	40%	4,19,12,11,19,13,13,9,13,2	-145	'+110
Max Shulga	G	-125	A	USU	MIZ	3ptm	2.5	1.6	1.61 - 1.43	1.77 - 1.41	23%	40%	0,3,2,0,3,2,3,1,3,0	'+135	-180
Micah Parrish	G	-215	H	SDSU	COFC	reb	3.5	3.3	3.48 - 2.67	3.2 - 3.38	52%	80%	4,7,4,6,3,1,3,4,5,3	-125	-105
Micah Parrish	G	-215	H	SDSU	COFC	ast	0.5	0.7	0.76 - 0.33	0.7 - 0.67	52%	80%	1,0,1,2,1,2,0,1,0,0	-150	'+110
Micah Parrish	G	-215	H	SDSU	COFC	pts	7.5	7.4	7.44 - 7.0	8.0 - 7.05	39%	40%	5,9,6,6,11,7,6,9,4,6	-115	-115
Micah Parrish	G	-215	H	SDSU	COFC	3ptm	1.5	1.2	1.24 - 1.0	1.4 - 1.1	35%	40%	0,1,1,2,2,1,2,1,0,1	'+170	-230
Mike Bothwell	G	'+200	A	FUR	UVA	pts	13.5	18.0	17.52 - 19.71	18.0 - 17.95	71%	60%	16,26,13,35,9,9,6,16,14,10	-110	-125
Mike Bothwell	G	'+200	A	FUR	UVA	ast	1.5	3.0	2.93 - 3.29	2.5 - 3.35	71%	20%	1,4,0,0,1,4,4,3,1,2	-165	'+125
Mike Bothwell	G	'+200	A	FUR	UVA	reb	3.5	3.5	3.41 - 3.86	2.71 - 4.05	41%	20%	4,3,1,2,3,3,4,3,3,5	'+105	-135
Mike Bothwell	G	'+200	A	FUR	UVA	3ptm	1.5	1.4	1.22 - 2.14	1.79 - 1.15	32%	40%	0,2,1,5,1,0,1,0,3,0	'+120	-160
Naje Smith	F	'+105	A	BOIS	NU	pts	9.5	10.1	10.48 - 9.0	8.0 - 11.67	56%	60%	14,18,5,10,8,7,13,17,18,2	-135	'+105
Naje Smith	F	'+105	A	BOIS	NU	3ptm	0.5	0.7	0.78 - 0.56	0.64 - 0.78	50%	100%	2,2,1,2,1,0,0,1,1,0	-140	'+105
Naje Smith	F	'+105	A	BOIS	NU	ast	1.5	1.3	1.26 - 1.33	1.43 - 1.17	47%	60%	2,2,0,1,2,2,0,2,4,2	'+100	-130
Naje Smith	F	'+105	A	BOIS	NU	reb	5.5	5.4	5.3 - 5.67	5.5 - 5.33	38%	60%	4,6,2,6,11,5,4,7,10,5	-150	'+115
Nathan Mensah	F	-215	H	SDSU	COFC	reb	5.5	6.0	6.4 - 4.5	6.0 - 6.05	58%	40%	8,8,4,3,3,6,8,11,6,4	-160	'+120
Nathan Mensah	F	-215	H	SDSU	COFC	ast	0.5	0.6	0.64 - 0.5	0.8 - 0.52	42%	80%	1,2,0,1,2,1,2,0,0,0	-135	'+100
Nick Honor	G	'+105	H	MIZ	USU	ast	2.5	2.6	2.81 - 2.12	2.1 - 2.89	45%	60%	2,4,5,4,2,1,1,2,1,2	-120	-110
Nick Honor	G	'+105	H	MIZ	USU	reb	1.5	1.6	1.76 - 1.0	1.5 - 1.58	45%	20%	1,3,0,1,0,1,1,1,2,1	-160	'+120
Nick Honor	G	'+105	H	MIZ	USU	3ptm	1.5	1.6	1.95 - 0.75	1.7 - 1.58	41%	40%	1,2,1,5,0,1,1,2,2,0	'+135	-180
Nick Honor	G	'+105	H	MIZ	USU	pts	8.5	8.1	8.95 - 5.75	7.4 - 8.42	41%	20%	3,8,7,17,0,7,3,14,6,6	'+100	-135
Nick Smith Jr	G	-135	H	ARK	ILL	ast	1.5	2.0	1.71 - 2.33	1.8 - 2.12	46%	80%	4,2,6,2,1,1,0,1,0,1	-175	'+130
Nick Smith Jr	G	-135	H	ARK	ILL	pts	15.5	13.1	12.57 - 13.67	13.2 - 13.0	46%	60%	16,14,25,12,24,10,0,5,5,21	-125	-105
Nick Smith Jr	G	-135	H	ARK	ILL	3ptm	1.5	1.3	1.14 - 1.5	1.4 - 1.25	38%	80%	2,2,3,1,2,0,0,1,1,1	-135	'+100
Nick Smith Jr	G	-135	H	ARK	ILL	reb	2.5	1.8	1.86 - 1.83	2.0 - 1.75	31%	60%	1,3,3,0,6,1,0,1,1,2	'+100	-130
Noah Carter	F	'+105	H	MIZ	USU	ast	1.5	1.8	2.15 - 1.0	1.5 - 2.0	57%	80%	0,2,3,4,3,0,3,2,1,4	'+100	-130
Noah Carter	F	'+105	H	MIZ	USU	reb	3.5	3.9	3.8 - 4.12	3.2 - 4.28	57%	20%	3,3,5,1,3,5,3,4,0,3	-160	'+120
Noah Carter	F	'+105	H	MIZ	USU	pts	10.5	9.5	10.4 - 7.12	8.4 - 10.06	36%	40%	10,8,17,12,6,4,5,8,0,14	'+100	-135
Noah Carter	F	'+105	H	MIZ	USU	3ptm	1.5	1.1	1.35 - 0.5	0.9 - 1.22	32%	60%	2,1,2,2,0,0,0,1,0,3	'+145	-195
Noah Clowney	F	-12500	H	ALA	AMCC	reb	7.5	8.2	8.17 - 8.6	9.3 - 7.67	57%	40%	11,3,5,7,13,8,5,11,7,6	-125	-105
Noah Clowney	F	-12500	H	ALA	AMCC	pts	11.5	9.8	9.91 - 9.2	10.7 - 9.28	25%	20%	9,19,5,11,10,8,12,7,6,14	-110	-120
Noah Clowney	F	-12500	H	ALA	AMCC	3ptm	1.5	0.9	0.96 - 0.6	0.7 - 1.0	21%	20%	1,3,1,1,0,0,2,1,0,2	'+120	-155
Oliver Lynch Daniels	G	'+675	A	COLG	TEX	3ptm	1.5	2.5	2.54 - 2.29	2.5 - 2.47	77%	80%	2,4,3,1,4,2,7,0,2,3	-125	-105
Oliver Lynch Daniels	G	'+675	A	COLG	TEX	ast	1.5	2.2	2.21 - 2.0	1.86 - 2.41	71%	40%	0,1,3,0,2,2,2,3,6,1	-115	-115
Oliver Lynch Daniels	G	'+675	A	COLG	TEX	reb	3.5	3.5	3.29 - 4.29	4.07 - 3.06	45%	40%	2,2,2,5,7,5,0,4,7,8	-155	'+115
Oliver Lynch Daniels	G	'+675	A	COLG	TEX	pts	12.5	12.3	12.5 - 11.43	11.79 - 12.65	42%	80%	14,21,15,5,14,12,23,7,12,13	'+100	-135
Olivier Nkamhoua	F	-645	H	TENN	LAF	reb	5.5	5.2	4.95 - 6.0	6.89 - 4.42	46%	60%	10,2,7,8,4,4,3,2,9,8	'+105	-140
Olivier Nkamhoua	F	-645	H	TENN	LAF	pts	10.5	11.1	11.81 - 8.0	10.44 - 11.05	39%	40%	11,9,16,10,6,9,6,9,11,27	-125	-105
Oumar Ballo	C	-1250	H	ARIZ	PRIN	reb	7.5	8.5	9.32 - 5.33	8.36 - 8.65	61%	40%	8,10,6,5,5,3,16,7,4,9	-145	'+110
Oumar Ballo	C	-1250	H	ARIZ	PRIN	pts	13.5	14.4	15.28 - 10.67	12.0 - 15.7	55%	40%	13,14,24,6,10,7,18,8,8,14	-115	-115
Oumar Ballo	C	-1250	H	ARIZ	PRIN	ast	1.5	1.7	1.88 - 0.83	1.73 - 1.65	55%	40%	0,3,0,0,3,2,3,3,3,3	'+105	-140
Patrick Mccaffery	F	'+105	H	IOWA	AUB	pts	7.5	10.1	10.67 - 9.2	6.4 - 12.53	60%	40%	9,23,2,7,0,4,9,6,3,1	-110	-125
Patrick Mccaffery	F	'+105	H	IOWA	AUB	reb	3.5	3.6	3.47 - 3.9	2.4 - 4.47	48%	40%	3,4,0,4,0,3,5,2,0,1	'+135	-180
Patrick Mccaffery	F	'+105	H	IOWA	AUB	3ptm	1.5	1.4	1.33 - 1.4	0.6 - 1.87	28%	20%	1,6,0,1,0,1,1,0,0,0	'+165	-225
Payton Sandfort	F	'+105	H	IOWA	AUB	reb	3.5	4.0	4.47 - 3.25	2.85 - 4.88	52%	40%	3,5,3,5,3,4,5,2,6,4	-145	'+110
Payton Sandfort	F	'+105	H	IOWA	AUB	pts	8.5	9.5	11.94 - 6.08	7.0 - 11.56	45%	60%	4,8,16,22,10,9,10,3,9,20	-130	'+100
Payton Sandfort	F	'+105	H	IOWA	AUB	3ptm	1.5	1.7	2.29 - 0.83	1.15 - 2.12	45%	60%	0,2,5,6,1,1,2,0,3,5	-150	'+115
Reece Beekman	G	-240	H	UVA	FUR	reb	2.5	3.0	2.61 - 4.14	3.42 - 2.67	63%	60%	1,3,3,0,3,4,2,4,0,6	-150	'+110
Reece Beekman	G	-240	H	UVA	FUR	3ptm	0.5	0.9	1.0 - 0.57	1.08 - 0.78	60%	60%	0,0,1,1,1,0,0,2,0,0	-130	'+100
Reece Beekman	G	-240	H	UVA	FUR	pts	8.5	9.2	9.04 - 9.57	9.42 - 9.0	50%	40%	12,4,15,5,7,8,6,11,3,4	-135	'+100
Reece Beekman	G	-240	H	UVA	FUR	ast	5.5	5.3	5.43 - 4.86	4.83 - 5.61	40%	60%	4,7,5,11,8,6,2,5,2,7	'+105	-140
Reyne Smith	G	'+185	A	COFC	SDSU	3ptm	2.5	2.7	2.87 - 0.67	2.54 - 2.76	44%	40%	1,4,2,4,2,5,3,1,2,4	-105	-130
Reyne Smith	G	'+185	A	COFC	SDSU	ast	1.5	1.4	1.39 - 1.33	1.23 - 1.48	41%	40%	0,2,0,3,1,2,2,1,2,2	'+175	-245
Reyne Smith	G	'+185	A	COFC	SDSU	reb	2.5	2.1	2.19 - 1.0	1.85 - 2.24	38%	80%	3,1,5,6,3,3,3,3,3,1	-110	-120
Reyne Smith	G	'+185	A	COFC	SDSU	pts	11.5	10.9	11.48 - 4.67	9.62 - 11.67	38%	60%	7,20,10,12,13,15,9,4,6,12	-110	-125
Ricky Council Iv	G	-135	H	ARK	ILL	pts	12.5	15.5	15.5 - 15.55	14.5 - 16.24	69%	40%	5,7,16,11,20,15,6,13,20,10	-125	-105
Ricky Council Iv	G	-135	H	ARK	ILL	ast	1.5	2.3	2.72 - 1.64	1.83 - 2.65	59%	0%	1,0,1,1,0,1,4,3,4,3	'+115	-155
Ricky Council Iv	G	-135	H	ARK	ILL	3ptm	0.5	0.9	0.72 - 1.09	1.0 - 0.76	55%	20%	0,0,0,2,0,0,0,0,2,0	-185	'+140
Ricky Council Iv	G	-135	H	ARK	ILL	reb	3.5	3.2	3.22 - 3.18	2.75 - 3.53	28%	40%	3,2,4,4,1,7,5,6,3,3	-115	-115
Ryan Langborg	G	'+800	A	PRIN	ARIZ	3ptm	1.5	2.0	1.86 - 2.38	1.86 - 2.13	62%	80%	2,2,1,2,2,1,3,2,1,2	-195	'+145
Ryan Langborg	G	'+800	A	PRIN	ARIZ	pts	11.5	12.1	12.1 - 12.12	11.36 - 12.8	52%	100%	14,12,13,18,14,5,15,10,5,10	-110	-120
Ryan Langborg	G	'+800	A	PRIN	ARIZ	reb	2.5	3.0	3.14 - 2.75	2.5 - 3.53	52%	60%	2,2,3,6,3,3,0,4,1,2	-140	'+105
Ryan Langborg	G	'+800	A	PRIN	ARIZ	ast	1.5	1.6	1.48 - 1.75	0.86 - 2.2	34%	60%	4,1,3,0,5,0,0,0,5,1	-155	'+115
Ryan Larson	G	'+185	A	COFC	SDSU	ast	2.5	4.1	4.16 - 3.33	4.15 - 4.05	76%	60%	1,1,5,5,4,5,4,6,3,5	-180	'+135
Ryan Larson	G	'+185	A	COFC	SDSU	pts	9.5	10.6	10.68 - 9.67	10.0 - 10.95	65%	80%	23,12,11,2,12,13,2,17,6,6	-125	-105
Ryan Larson	G	'+185	A	COFC	SDSU	3ptm	1.5	1.7	1.74 - 1.0	1.85 - 1.57	50%	40%	4,0,3,0,1,3,0,3,2,2	-160	'+120
Ryan Larson	G	'+185	A	COFC	SDSU	reb	3.5	3.3	3.29 - 3.0	3.85 - 2.9	44%	20%	3,2,2,1,5,5,5,3,2,4	'+120	-160
Ryan Moffatt	F	'+675	A	COLG	TEX	ast	1.5	1.8	1.71 - 2.12	1.79 - 1.83	56%	60%	1,2,2,2,1,2,1,2,1,0	'+145	-195
Ryan Moffatt	F	'+675	A	COLG	TEX	3ptm	1.5	1.9	2.25 - 1.0	1.86 - 2.0	53%	60%	1,2,3,0,5,2,1,1,5,2	'+100	-135
Ryan Moffatt	F	'+675	A	COLG	TEX	pts	11.5	10.5	11.33 - 8.12	10.0 - 10.94	44%	80%	10,20,14,12,17,8,9,4,19,13	'+100	-135
Ryan Moffatt	F	'+675	A	COLG	TEX	reb	4.5	4.2	4.42 - 3.38	4.64 - 3.78	41%	60%	8,9,4,6,3,8,5,2,5,2	-155	'+115
Sam Vinson	G	'+1300	A	NKU	HOU	pts	11.5	11.7	12.4 - 10.45	11.67 - 11.75	55%	80%	16,17,12,19,11,9,9,9,19,18	'+100	-130
Sam Vinson	G	'+1300	A	NKU	HOU	ast	2.5	2.9	3.15 - 2.45	2.27 - 3.5	55%	60%	2,2,3,3,5,3,4,2,3,2	-120	-110
Sam Vinson	G	'+1300	A	NKU	HOU	3ptm	1.5	1.5	1.7 - 1.18	1.53 - 1.5	48%	60%	1,1,2,3,2,1,2,3,3,3	-160	'+120
Sam Vinson	G	'+1300	A	NKU	HOU	reb	4.5	4.2	4.45 - 3.73	4.13 - 4.25	45%	80%	5,6,4,5,5,4,3,1,8,5	-110	-120
Santiago Vescovi	G	-645	H	TENN	LAF	ast	2.5	3.0	3.16 - 2.14	3.0 - 2.82	65%	80%	2,3,5,4,3,1,1,1,0,1	-180	'+135
Santiago Vescovi	G	-645	H	TENN	LAF	3ptm	2.5	2.8	2.63 - 2.43	2.33 - 2.71	50%	80%	5,3,3,1,3,3,4,1,1,2	-125	-105
Santiago Vescovi	G	-645	H	TENN	LAF	reb	4.5	4.9	5.16 - 3.43	4.22 - 4.94	50%	40%	3,6,6,4,2,8,5,3,8,8	-105	-125
Santiago Vescovi	G	-645	H	TENN	LAF	pts	14.5	13.0	11.74 - 13.43	11.78 - 12.41	35%	60%	17,15,14,7,17,15,16,7,11,12	-105	-125
Sean Bairstow	G	-125	A	USU	MIZ	pts	10.5	10.6	9.96 - 12.57	10.23 - 10.82	53%	40%	7,12,6,12,7,5,10,11,20,9	-105	-125
Sean Bairstow	G	-125	A	USU	MIZ	reb	6.5	5.2	5.35 - 4.57	5.15 - 5.18	27%	40%	5,6,5,7,10,10,7,5,5,8	'+105	-135
Sean Bairstow	G	-125	A	USU	MIZ	3ptm	1.5	0.9	0.7 - 1.57	1.0 - 0.82	27%	0%	0,1,0,0,1,0,2,3,2,0	'+155	-210
Sean Bairstow	G	-125	A	USU	MIZ	ast	3.5	2.6	2.87 - 1.86	2.62 - 2.65	23%	20%	3,3,3,4,0,1,2,10,2,1	'+130	-175
Seth Lundy	G	'+130	A	PSU	TA&M	pts	14.5	14.8	14.74 - 14.8	15.79 - 13.8	59%	80%	19,16,16,17,7,7,19,9,11,24	-115	-115
Seth Lundy	G	'+130	A	PSU	TA&M	reb	6.5	6.4	6.11 - 7.1	7.21 - 5.73	52%	60%	8,6,7,10,5,8,5,4,7,7	'+110	-150
Seth Lundy	G	'+130	A	PSU	TA&M	ast	0.5	1.0	1.21 - 0.5	0.86 - 1.07	52%	60%	1,0,0,2,2,0,2,1,0,1	-245	'+180
Seth Lundy	G	'+130	A	PSU	TA&M	3ptm	2.5	2.5	2.42 - 2.7	2.64 - 2.4	48%	40%	3,2,3,1,0,0,4,1,3,8	-160	'+120
Shy Odom	F	'+1700	A	HOW	KU	pts	10.5	10.8	11.45 - 9.5	10.85 - 10.76	50%	60%	9,16,13,5,17,15,22,7,12,13	-105	-125
Shy Odom	F	'+1700	A	HOW	KU	ast	1.5	1.4	1.7 - 0.7	0.85 - 1.76	43%	80%	0,2,4,2,2,2,1,2,3,0	'+170	-230
Shy Odom	F	'+1700	A	HOW	KU	reb	5.5	4.5	4.7 - 4.0	4.62 - 4.35	43%	60%	7,10,1,2,6,7,10,7,7,5	'+100	-130
Steve Settle Iii	F	'+1700	A	HOW	KU	3ptm	0.5	1.0	0.86 - 1.2	1.23 - 0.78	68%	100%	1,1,1,1,4,0,0,1,0,0	-185	'+135
Steve Settle Iii	F	'+1700	A	HOW	KU	pts	8.5	11.0	10.14 - 12.8	12.54 - 9.89	65%	60%	9,16,3,7,14,8,11,14,7,14	'+100	-135
Steve Settle Iii	F	'+1700	A	HOW	KU	reb	5.5	5.7	5.76 - 5.7	6.92 - 4.89	48%	20%	2,5,1,8,5,7,11,5,8,7	'+100	-135
Steven Ashworth	G	-125	A	USU	MIZ	3ptm	2.5	3.4	3.7 - 2.29	2.85 - 3.76	67%	80%	2,3,4,3,5,2,1,8,2,3	-185	'+135
Steven Ashworth	G	-125	A	USU	MIZ	ast	4.5	4.4	4.61 - 3.86	4.31 - 4.53	50%	60%	1,2,5,8,7,6,5,3,2,6	-150	'+115
Steven Ashworth	G	-125	A	USU	MIZ	reb	3.5	3.1	2.96 - 3.43	3.54 - 2.71	47%	40%	1,1,4,4,2,1,6,4,1,6	'+100	-135
Steven Ashworth	G	-125	A	USU	MIZ	pts	17.5	16.5	17.87 - 12.14	14.08 - 18.41	37%	60%	13,14,22,19,27,20,14,26,19,14	-105	-125
Tajion Jones	G	'+1100	A	UNCA	UCLA	ast	0.5	1.2	1.15 - 1.43	1.24 - 1.18	74%	60%	0,1,1,1,0,2,1,0,1,2	-155	'+120
Tajion Jones	G	'+1100	A	UNCA	UCLA	reb	4.5	5.2	5.63 - 3.43	5.18 - 5.18	59%	60%	8,6,6,1,3,6,6,8,3,2	-130	'+100
Tajion Jones	G	'+1100	A	UNCA	UCLA	pts	13.5	15.0	15.59 - 12.71	15.35 - 14.65	50%	60%	24,10,19,10,30,16,12,21,15,5	'+100	-130
Tajion Jones	G	'+1100	A	UNCA	UCLA	3ptm	2.5	2.9	3.04 - 2.29	3.0 - 2.76	44%	60%	5,1,4,2,8,2,2,2,2,1	'+135	-180
Taylor Funk	F	-125	A	USU	MIZ	ast	1.5	1.6	1.73 - 1.29	1.31 - 1.88	48%	40%	3,2,1,1,0,0,0,2,2,2	-160	'+120
Taylor Funk	F	-125	A	USU	MIZ	pts	13.5	13.6	14.45 - 10.71	12.15 - 14.69	41%	40%	5,7,32,24,2,11,4,21,9,9	-115	-115
Taylor Funk	F	-125	A	USU	MIZ	3ptm	2.5	2.4	2.5 - 2.0	2.31 - 2.44	41%	40%	1,1,6,4,0,0,0,5,0,1	'+105	-140
Taylor Funk	F	-125	A	USU	MIZ	reb	6.5	5.4	5.68 - 4.43	4.85 - 5.81	38%	60%	7,10,2,8,4,6,2,3,7,3	-105	-130
Terrence Shannon Jr	G	'+115	A	ILL	ARK	reb	3.5	4.9	5.33 - 4.0	5.18 - 4.73	65%	60%	5,1,7,4,1,4,2,2,2,7	-130	'+100
Terrence Shannon Jr	G	'+115	A	ILL	ARK	ast	2.5	2.8	2.72 - 2.88	2.82 - 2.73	58%	40%	4,2,4,2,0,1,1,5,1,3	'+135	-180
Terrence Shannon Jr	G	'+115	A	ILL	ARK	pts	17.5	17.0	18.61 - 13.38	15.55 - 18.07	42%	60%	19,13,21,10,26,15,11,13,6,17	'+100	-135
Terrence Shannon Jr	G	'+115	A	ILL	ARK	3ptm	1.5	1.6	1.94 - 0.88	1.45 - 1.73	42%	60%	2,2,0,0,4,2,2,2,0,0	'+120	-155
Timmy Allen	F	-975	H	TEX	COLG	ast	3.5	3.7	3.43 - 4.6	2.88 - 4.0	42%	60%	3,3,4,5,4,4,4,4,3,0	'+115	-155
Timmy Allen	F	-975	H	TEX	COLG	pts	12.5	10.4	10.48 - 10.2	7.5 - 11.72	38%	40%	6,12,15,2,14,10,18,6,17,2	-105	-125
Timmy Allen	F	-975	H	TEX	COLG	reb	6.5	5.5	5.71 - 4.8	5.38 - 5.61	35%	60%	6,9,9,5,9,3,6,2,6,1	-155	'+115
Tony Perkins	G	'+105	H	IOWA	AUB	3ptm	0.5	0.8	0.94 - 0.58	0.38 - 1.13	54%	60%	1,0,1,4,0,0,2,0,1,1	-155	'+115
Tony Perkins	G	'+105	H	IOWA	AUB	pts	14.5	13.1	14.69 - 11.0	10.92 - 15.0	43%	60%	16,6,23,24,13,11,24,7,32,12	-110	-120
Tony Perkins	G	'+105	H	IOWA	AUB	reb	4.5	4.2	4.31 - 4.17	4.23 - 4.27	43%	60%	6,4,10,9,2,5,2,7,3,2	-150	'+115
Tony Perkins	G	'+105	H	IOWA	AUB	ast	3.5	2.9	3.62 - 1.92	2.54 - 3.2	29%	60%	1,4,8,6,0,3,3,6,2,0	'+125	-170
Tosan Evbuomwan	F	'+800	A	PRIN	ARIZ	reb	5.5	6.2	6.05 - 6.5	6.79 - 5.6	62%	60%	5,6,7,5,10,9,9,6,3,5	-160	'+120
Tosan Evbuomwan	F	'+800	A	PRIN	ARIZ	ast	4.5	4.8	4.48 - 5.75	4.93 - 4.73	59%	60%	4,4,6,5,6,8,6,4,6,6	-155	'+115
Tosan Evbuomwan	F	'+800	A	PRIN	ARIZ	pts	15.5	15.0	14.71 - 15.62	15.36 - 14.6	41%	60%	21,21,15,6,22,17,23,19,17,15	-115	-115
Tramon Mark	G	-2800	H	HOU	NKU	3ptm	0.5	1.0	1.04 - 0.67	1.22 - 0.91	65%	40%	0,0,1,2,0,2,3,1,1,2	-255	'+185
Tramon Mark	G	-2800	H	HOU	NKU	pts	9.5	9.5	9.54 - 8.67	11.44 - 8.64	48%	40%	10,8,4,16,2,20,13,6,11,9	-110	-120
Tramon Mark	G	-2800	H	HOU	NKU	reb	5.5	4.7	4.68 - 5.33	6.33 - 4.09	35%	40%	8,5,5,8,1,9,3,1,9,9	-110	-120
Tre Mitchell	F	-150	A	WVU	MD	ast	1.5	1.8	1.76 - 1.93	2.0 - 1.72	65%	80%	2,2,2,2,1,2,3,1,1,2	'+120	-160
Tre Mitchell	F	-150	A	WVU	MD	3ptm	0.5	1.1	1.0 - 1.21	1.08 - 1.11	65%	60%	1,3,0,3,0,1,1,0,3,0	-230	'+170
Tre Mitchell	F	-150	A	WVU	MD	pts	10.5	12.2	11.88 - 11.57	11.0 - 12.28	61%	80%	11,17,0,20,22,3,9,4,9,4	-130	-105
Tre Mitchell	F	-150	A	WVU	MD	reb	5.5	5.7	4.65 - 6.57	5.23 - 5.72	48%	60%	7,9,2,7,3,9,3,5,2,5	-115	-115
Trevian Tennyson	G	'+2500	A	AMCC	ALA	pts	14.5	15.6	16.58 - 13.3	14.2 - 16.74	59%	40%	12,14,16,13,20,22,23,17,18,18	-105	-125
Trevian Tennyson	G	'+2500	A	AMCC	ALA	3ptm	2.5	2.9	2.83 - 3.0	2.67 - 3.05	53%	20%	2,0,2,1,5,5,3,5,2,2	'+120	-165
Trevian Tennyson	G	'+2500	A	AMCC	ALA	reb	2.5	2.3	2.54 - 1.8	2.53 - 2.16	41%	40%	1,3,3,2,1,2,2,5,3,2	-110	-125
Trey Robinson	G	'+1300	A	NKU	HOU	pts	7.5	6.9	7.05 - 6.67	6.8 - 7.0	52%	60%	12,7,11,12,4,4,8,7,3,11	'+115	-155
Trey Robinson	G	'+1300	A	NKU	HOU	ast	1.5	1.6	1.67 - 1.42	1.33 - 1.78	39%	20%	0,1,1,5,1,5,1,2,1,0	'+160	-215
Trey Robinson	G	'+1300	A	NKU	HOU	reb	4.5	3.7	4.0 - 3.17	3.27 - 4.06	33%	40%	2,4,5,9,3,3,6,2,7,2	-105	-125
Trey Robinson	G	'+1300	A	NKU	HOU	3ptm	1.5	1.0	1.1 - 0.83	1.13 - 0.89	30%	60%	2,0,2,3,0,0,2,0,1,1	'+100	-130
Tucker Richardson	G	'+675	A	COLG	TEX	pts	11.5	13.8	13.77 - 13.88	13.94 - 13.67	65%	40%	14,11,11,7,17,19,4,19,13,12	-135	'+105
Tucker Richardson	G	'+675	A	COLG	TEX	ast	5.5	5.8	5.96 - 5.12	5.0 - 6.44	47%	80%	11,12,11,3,9,5,9,4,4,6	'+100	-130
Tucker Richardson	G	'+675	A	COLG	TEX	3ptm	1.5	1.5	1.46 - 1.62	1.62 - 1.39	38%	20%	2,1,0,1,1,2,0,1,1,1	'+170	-230
Tucker Richardson	G	'+675	A	COLG	TEX	reb	6.5	5.2	5.69 - 3.62	4.38 - 5.94	18%	40%	12,6,8,4,4,6,7,4,5,3	-105	-130
Ty Berry	G	-125	H	NU	BOIS	reb	4.5	5.1	5.63 - 3.75	5.6 - 4.76	59%	60%	3,7,6,7,3,3,7,5,3,3	-145	'+110
Ty Berry	G	-125	H	NU	BOIS	pts	7.5	8.6	9.53 - 6.25	8.9 - 8.35	48%	40%	5,12,6,2,16,9,5,0,7,3	-130	-105
Ty Berry	G	-125	H	NU	BOIS	ast	1.5	1.3	1.53 - 0.62	0.8 - 1.53	48%	40%	3,1,0,0,3,0,2,0,1,2	'+170	-230
Ty Berry	G	-125	H	NU	BOIS	3ptm	1.5	1.4	1.68 - 0.88	1.7 - 1.29	37%	20%	1,1,1,0,3,1,0,0,1,1	'+125	-165
Tyger Campbell	G	-2100	H	UCLA	UNCA	reb	2.5	2.6	2.62 - 2.6	2.45 - 2.72	41%	80%	4,3,2,5,3,6,2,2,2,1	-175	'+130
Tyger Campbell	G	-2100	H	UCLA	UNCA	ast	4.5	4.6	4.5 - 5.2	5.09 - 4.33	41%	40%	2,6,7,4,4,3,5,5,2,4	-110	-120
Tyger Campbell	G	-2100	H	UCLA	UNCA	3ptm	1.5	1.5	1.46 - 1.8	1.73 - 1.39	41%	40%	1,4,1,0,2,1,3,1,1,1	-105	-130
Tyger Campbell	G	-2100	H	UCLA	UNCA	pts	16.5	13.9	13.54 - 15.4	13.82 - 13.89	31%	80%	16,28,18,21,18,14,18,7,7,9	-120	-110
Tyrece Radford	G	-150	H	TA&M	PSU	reb	5.5	5.6	5.7 - 5.22	5.75 - 5.41	55%	60%	3,4,8,7,7,7,4,3,6,7	-145	'+110
Tyrece Radford	G	-150	H	TA&M	PSU	ast	2.5	2.5	2.4 - 2.78	2.25 - 2.71	41%	60%	0,5,2,4,4,4,2,2,2,3	-155	'+115
Tyrece Radford	G	-150	H	TA&M	PSU	pts	13.5	12.8	13.5 - 11.33	14.33 - 11.76	38%	40%	12,16,11,21,13,4,12,12,12,15	-125	-105
Tyrece Radford	G	-150	H	TA&M	PSU	3ptm	1.5	1.1	1.25 - 0.78	1.42 - 0.88	34%	40%	0,2,0,1,3,0,2,0,0,3	'+110	-145
Tyrese Hunter	G	-975	H	TEX	COLG	reb	2.5	3.1	3.17 - 2.6	3.0 - 3.1	59%	40%	4,2,3,2,0,2,1,1,2,4	-125	-105
Tyrese Hunter	G	-975	H	TEX	COLG	ast	2.5	2.5	2.42 - 3.0	2.33 - 2.6	48%	60%	1,3,1,3,4,2,2,0,1,2	-110	-120
Tyrese Hunter	G	-975	H	TEX	COLG	pts	10.5	10.2	9.5 - 13.6	8.0 - 11.2	34%	60%	2,9,11,20,13,5,9,7,10,13	-125	-105
Tyrese Hunter	G	-975	H	TEX	COLG	3ptm	1.5	1.4	1.17 - 2.4	0.67 - 1.7	34%	60%	0,1,3,3,3,0,1,1,1,3	'+105	-135
Tyrese Proctor	G	-265	H	DUKE	ORU	pts	10.5	9.5	8.84 - 12.0	9.36 - 9.53	45%	80%	5,15,11,13,12,10,12,8,6,14	'+100	-130
Tyrese Proctor	G	-265	H	DUKE	ORU	3ptm	1.5	1.4	1.4 - 1.33	1.29 - 1.47	45%	40%	1,3,3,0,0,2,4,2,0,2	'+100	-130
Tyrese Proctor	G	-265	H	DUKE	ORU	reb	3.5	3.4	3.2 - 4.0	2.79 - 3.82	39%	0%	2,3,3,2,3,4,4,2,3,4	'+110	-145
Tyrese Proctor	G	-265	H	DUKE	ORU	ast	3.5	3.4	3.4 - 3.17	3.5 - 3.24	32%	40%	3,5,10,3,1,5,3,6,4,4	-110	-120
Tyson Degenhart	F	'+105	A	BOIS	NU	pts	13.5	14.3	14.52 - 13.78	13.71 - 14.78	50%	60%	13,16,14,14,13,13,11,19,20,9	-105	-125
Tyson Degenhart	F	'+105	A	BOIS	NU	ast	1.5	1.8	2.0 - 1.22	2.14 - 1.5	50%	20%	0,1,2,1,1,1,1,0,1,1	'+135	-180
Tyson Degenhart	F	'+105	A	BOIS	NU	reb	5.5	5.3	5.7 - 4.44	5.07 - 5.56	44%	40%	4,8,6,3,3,7,6,6,5,4	'+110	-145
Tyson Degenhart	F	'+105	A	BOIS	NU	3ptm	1.5	1.2	1.13 - 1.33	1.21 - 1.17	31%	40%	1,2,0,1,3,0,1,3,2,1	'+140	-185
Wendell Green Jr	G	-125	A	AUB	IOWA	pts	15.5	14.6	15.0 - 11.0	10.36 - 15.94	48%	20%	11,9,23,5,5,24,9,18,9,16	-105	-125
Wendell Green Jr	G	-125	A	AUB	IOWA	3ptm	1.5	1.4	1.33 - 1.22	0.82 - 1.62	41%	20%	2,1,0,0,0,4,2,3,1,1	'+110	-150
Wendell Green Jr	G	-125	A	AUB	IOWA	reb	3.5	3.3	3.44 - 3.0	4.27 - 2.62	37%	40%	0,2,2,8,4,3,7,2,2,1	'+120	-160
Wendell Green Jr	G	-125	A	AUB	IOWA	ast	4.5	4.4	4.83 - 3.22	4.36 - 4.25	37%	20%	4,2,4,1,9,2,3,6,5,5	-110	-120